layer,rel_depth,mlm_cell,clm_cell,struct_up,struct_down,struct_interaction,seq_up,seq_down,seq_interaction,struct_combined,net_interaction
11,38%,ckpt_mlm_s42_token,ckpt_clm_s42,0.44199212602503934,0.31113862563635575,-0.1308535003886836,-2.0945128513319475,-2.228984318132893,-0.13447146680094546,0.4035806107562791,0.0036179664122618638
11,38%,ckpt_mlm_s43_token,ckpt_clm_s43,0.5020818428100651,0.3556021953063264,-0.14647964750373865,-2.323489257504518,-2.3651931244406557,-0.04170386693613759,0.4744670889692238,-0.10477578056760106
11,38%,ckpt_mlm_s44_token,ckpt_clm_s44,0.5358757439568541,0.39304526303542114,-0.14283048092143297,-2.5383441040959527,-2.489356306290456,0.04898779780549667,0.500154369552431,-0.19181827872692964
14,50%,ckpt_mlm_s42_token,ckpt_clm_s42,0.47702852725318806,0.354621003838851,-0.12240752341433708,-0.5543677443004716,-0.46432327199554796,0.09004447230492368,0.4298999897080407,-0.21245199571926077
14,50%,ckpt_mlm_s43_token,ckpt_clm_s43,0.44840841229608136,0.2770996555009708,-0.17130875679511054,-2.107780965001868,-2.0846859801680813,0.023094984833786913,0.4183640160334668,-0.19440374162889745
14,50%,ckpt_mlm_s44_token,ckpt_clm_s44,0.5494600635043563,0.4243544312756032,-0.1251056322287531,-1.553270552743779,-1.4718429985273636,0.08142755421641534,0.5196192182590533,-0.20653318644516844
18,63%,ckpt_mlm_s42_token,ckpt_clm_s42,0.3165232073520732,0.17570492650865854,-0.14081828084341463,-0.09261304461925217,0.012981153583528216,0.10559419820278039,0.290590858833847,-0.246412479046195
18,63%,ckpt_mlm_s43_token,ckpt_clm_s43,0.37546621577977257,0.21189334685927338,-0.1635728689204992,-0.7398722850716076,-0.6643763680964427,0.07549591697516489,0.3442818577904215,-0.23906878589566408
18,63%,ckpt_mlm_s44_token,ckpt_clm_s44,0.3925268318966795,0.25644475807153455,-0.13608207382514492,-0.1328608432679533,-0.04910724639680753,0.08375359687114578,0.36467609880224705,-0.2198356706962907
